Gene name,Gene ID,tAI,number of codons found in table,tAI/number of codons
A1BG,ENSG00000121410,164.16693774300015,495,0.33165037927878815
A1CF,ENSG00000148584,203.27682676199998,594,0.34221688007070705
A2M,ENSG00000175899,513.4948528139986,1474,0.3483682854911795
A2ML1,ENSG00000166535,509.11203668999894,1454,0.35014582991059073
